dimension,name,count,min,max,mean,variance,std,range,mean_minus_3std,mean_plus_3std
0,norm_u_0,80995,-3.154778242111206,3.0795412063598633,8.256864343937989e-05,0.9876839966112546,0.9938229201478775,6.234319448471069,-2.981386191800193,2.981551329087072
1,norm_u_1,80995,-3.0971217155456543,3.1320230960845947,0.0001014718599791749,0.987678893212647,0.9938203525852382,6.229144811630249,-2.9813595858957354,2.9815625296156933
2,norm_u_2,80995,-3.239314079284668,3.2634055614471436,0.00022071608201827532,0.9877023839182412,0.9938321709012248,6.5027196407318115,-2.981275796621656,2.9817172287856923
