dimension,name,count,min,max,mean,variance,std,range,mean_minus_3std,mean_plus_3std
0,raw_u_0,79995,-0.015412837266921997,0.014980785548686981,-3.262787855195814e-05,2.3768405772476157e-05,0.00487528519909104,0.03039362281560898,-0.014658483475825079,0.014593227718721161
1,raw_u_1,79995,-0.007062435150146484,0.007104396820068359,-1.870736277649586e-05,5.172487967389821e-06,0.002274310437778849,0.014166831970214844,-0.006841638676113043,0.006804223950560051
2,raw_u_2,79995,-0.021457970142364502,0.021381109952926636,-0.00011778651226221823,4.340202982048759e-05,0.006588021692472452,0.04283908009529114,-0.01988185158967957,0.019646278565155138
